Category,Image Name,Local Path,Image URL
Beach,an aerial view of a beach with waves crashing on it,full/d5171585550061a10ee3513d52d3835660a0c0e2.jpg,https://plus.unsplash.com/premium_photo-1682629632657-4ac307921295?q=80&w=2618&auto=format&fit=crop&ixlib=rb-4.0.3&ixid=M3wxMjA3fDB8MHxwaG90by1wYWdlfHx8fGVufDB8fHx8fA%3D%3D.jpg
Beach,aerial photo of seashore,full/de41b32630f2684dd0ad79b2d55ca3ba722abf71.jpg,https://images.unsplash.com/photo-1505142468610-359e7d316be0?q=80&w=3070&auto=format&fit=crop&ixlib=rb-4.0.3&ixid=M3wxMjA3fDB8MHxwaG90by1wYWdlfHx8fGVufDB8fHx8fA%3D%3D.jpg
Beach,heart drawn on sand during daytime,full/a406909509da6caf48a4cf22d78862c29e03b35d.jpg,https://images.unsplash.com/photo-1513689125086-6c432170e843?q=80&w=3264&auto=format&fit=crop&ixlib=rb-4.0.3&ixid=M3wxMjA3fDB8MHxwaG90by1wYWdlfHx8fGVufDB8fHx8fA%3D%3D.jpg
Beach,photo of seashore,full/f16702bd2e07acd82277cb32c17e1fa4bd37efa7.jpg,https://images.unsplash.com/photo-1473116763249-2faaef81ccda?q=80&w=4904&auto=format&fit=crop&ixlib=rb-4.0.3&ixid=M3wxMjA3fDB8MHxwaG90by1wYWdlfHx8fGVufDB8fHx8fA%3D%3D.jpg
Beach,a beach with a body of water and mountains in the background,full/25c5359e18a1e39ecf8f8fd69ede7d34e315ff6f.jpg,https://plus.unsplash.com/premium_photo-1669750817526-6bbdb0c20bfe?q=80&w=4803&auto=format&fit=crop&ixlib=rb-4.0.3&ixid=M3wxMjA3fDB8MHxwaG90by1wYWdlfHx8fGVufDB8fHx8fA%3D%3D.jpg
Beach,coconut tree on beach,full/7a5e8955b11a211ef5dc001c2910cd15f3df2a2b.jpg,https://images.unsplash.com/photo-1509233725247-49e657c54213?q=80&w=4016&auto=format&fit=crop&ixlib=rb-4.0.3&ixid=M3wxMjA3fDB8MHxwaG90by1wYWdlfHx8fGVufDB8fHx8fA%3D%3D.jpg
Sky,aerial photography of cloudy sky,full/2e74e37ab1210357ef0b54a03308b16952434a7d.jpg,https://images.unsplash.com/photo-1500390365106-166bb67248d6?q=80&w=3456&auto=format&fit=crop&ixlib=rb-4.0.3&ixid=M3wxMjA3fDB8MHxwaG90by1wYWdlfHx8fGVufDB8fHx8fA%3D%3D.jpg
Waves,photograph of beach and sand,full/426ac0c6091bc53d7b2b26b2a8a97042d6252d52.jpg,https://images.unsplash.com/photo-1499727349905-b4a773a89264?q=80&w=3992&auto=format&fit=crop&ixlib=rb-4.0.3&ixid=M3wxMjA3fDB8MHxwaG90by1wYWdlfHx8fGVufDB8fHx8fA%3D%3D.jpg
Mountain,three brown wooden boat on blue lake water taken at daytime,full/792a626482a54025ede36477e94e9ab9d27b89d2.jpg,https://images.unsplash.com/photo-1501785888041-af3ef285b470?q=80&w=5979&auto=format&fit=crop&ixlib=rb-4.0.3&ixid=M3wxMjA3fDB8MHxwaG90by1wYWdlfHx8fGVufDB8fHx8fA%3D%3D.jpg
Surf,people surfing on beach,full/f75ce5eb616f4689e2725a9f3c4b7d0dd73219a5.jpg,https://images.unsplash.com/photo-1478472190689-fa020c20809a?q=80&w=4094&auto=format&fit=crop&ixlib=rb-4.0.3&ixid=M3wxMjA3fDB8MHxwaG90by1wYWdlfHx8fGVufDB8fHx8fA%3D%3D.jpg
Jellyfish,jelly fish in water,full/8f973909dbbabc22bc2a3c17ff31c37a3c89e16e.jpg,https://images.unsplash.com/photo-1441260038675-7329ab4cc264?q=80&w=3000&auto=format&fit=crop&ixlib=rb-4.0.3&ixid=M3wxMjA3fDB8MHxwaG90by1wYWdlfHx8fGVufDB8fHx8fA%3D%3D.jpg
Forest,scenery of forest trees,full/8808bd9b45b8fa76c3842bf6703a14ff4f4dac59.jpg,https://images.unsplash.com/photo-1511207538754-e8555f2bc187?q=80&w=2412&auto=format&fit=crop&ixlib=rb-4.0.3&ixid=M3wxMjA3fDB8MHxwaG90by1wYWdlfHx8fGVufDB8fHx8fA%3D%3D.jpg
Ocean underwater,photo of person in body of water,full/290038f2fae5376a44195f988ceb0f0be0847bc3.jpg,https://images.unsplash.com/photo-1510074232337-05d50fa189ba?q=80&w=5760&auto=format&fit=crop&ixlib=rb-4.0.3&ixid=M3wxMjA3fDB8MHxwaG90by1wYWdlfHx8fGVufDB8fHx8fA%3D%3D.jpg
Whale,gray whale,full/cacb847d676e879927ae49718c4ff79e24c01cce.jpg,https://images.unsplash.com/photo-1523774791801-b2c1fe0bced5?q=80&w=3872&auto=format&fit=crop&ixlib=rb-4.0.3&ixid=M3wxMjA3fDB8MHxwaG90by1wYWdlfHx8fGVufDB8fHx8fA%3D%3D.jpg
Fish,five koy fishes,full/84db2fb31abdfbf5482516104fc34edf16880396.jpg,https://images.unsplash.com/photo-1521584934521-f27ac11b7523?q=80&w=3378&auto=format&fit=crop&ixlib=rb-4.0.3&ixid=M3wxMjA3fDB8MHxwaG90by1wYWdlfHx8fGVufDB8fHx8fA%3D%3D.jpg
Sea,sea under white clouds during daytime,full/31b12735d39481b63d5e2123fcf1e4b530761cff.jpg,https://images.unsplash.com/photo-1503942142281-94af0aded523?q=80&w=2448&auto=format&fit=crop&ixlib=rb-4.0.3&ixid=M3wxMjA3fDB8MHxwaG90by1wYWdlfHx8fGVufDB8fHx8fA%3D%3D.jpg
Underwater,shallow focus photography of octopus,full/18341a1ea632b9aa3230d116dcf906b901958a5b.jpg,https://images.unsplash.com/photo-1523486230352-65ff5222cea4?q=80&w=4016&auto=format&fit=crop&ixlib=rb-4.0.3&ixid=M3wxMjA3fDB8MHxwaG90by1wYWdlfHx8fGVufDB8fHx8fA%3D%3D.jpg
Underwater,fishes underwater,full/3e7a60e36dd44a7fcb9844faf10e8f19c68f0290.jpg,https://images.unsplash.com/photo-1459743421941-c1caaf5a232f?q=80&w=4000&auto=format&fit=crop&ixlib=rb-4.0.3&ixid=M3wxMjA3fDB8MHxwaG90by1wYWdlfHx8fGVufDB8fHx8fA%3D%3D.jpg
Underwater,selective focus photography of blue and yellow finned fish,full/0dee3068999b2f22717592e9e3cdbc0e4746e6be.jpg,https://images.unsplash.com/photo-1522720833375-9c27ffb02a5e?q=80&w=5616&auto=format&fit=crop&ixlib=rb-4.0.3&ixid=M3wxMjA3fDB8MHxwaG90by1wYWdlfHx8fGVufDB8fHx8fA%3D%3D.jpg
Underwater,A Couple of Dolphin in Sardine run in South Africa,full/64b38c27a1806fd7034f9ac8972eea67cc5a6675.jpg,https://plus.unsplash.com/premium_photo-1661962709743-008dc4b4c83b?q=80&w=5568&auto=format&fit=crop&ixlib=rb-4.0.3&ixid=M3wxMjA3fDB8MHxwaG90by1wYWdlfHx8fGVufDB8fHx8fA%3D%3D.jpg
Underwater,a close up of a pool with clear water,full/69f87ccdab920cc9fa4be87dc62a71c821dfed88.jpg,https://plus.unsplash.com/premium_photo-1680608155016-3faa9cbdc236?q=80&w=2682&auto=format&fit=crop&ixlib=rb-4.0.3&ixid=M3wxMjA3fDB8MHxwaG90by1wYWdlfHx8fGVufDB8fHx8fA%3D%3D.jpg
Underwater,grayscale photo of woman drowning in water,full/623923257051db0bd20ab719e3dc204b4e1ea5ab.jpg,https://images.unsplash.com/photo-1439902315629-cd882022cea0?q=80&w=3000&auto=format&fit=crop&ixlib=rb-4.0.3&ixid=M3wxMjA3fDB8MHxwaG90by1wYWdlfHx8fGVufDB8fHx8fA%3D%3D.jpg
Underwater,rocks on sea bed,full/9464bd85976c41eb61cf18537e3e540b7925af53.jpg,https://images.unsplash.com/photo-1502726299822-6f583f972e02?q=80&w=4000&auto=format&fit=crop&ixlib=rb-4.0.3&ixid=M3wxMjA3fDB8MHxwaG90by1wYWdlfHx8fGVufDB8fHx8fA%3D%3D.jpg
Sea,photo of calm sea water during daytime,full/6e17f341db913c70e2d471aa36c3b50262036de3.jpg,https://images.unsplash.com/photo-1483709898067-9fd28d4da0c4?q=80&w=3264&auto=format&fit=crop&ixlib=rb-4.0.3&ixid=M3wxMjA3fDB8MHxwaG90by1wYWdlfHx8fGVufDB8fHx8fA%3D%3D.jpg
Underwater,an underwater view of a tropical island with palm trees,full/143cf5c66237ab1e1e14b406a8dda880510b9799.jpg,https://plus.unsplash.com/premium_photo-1664304455335-602b6811149a?q=80&w=3655&auto=format&fit=crop&ixlib=rb-4.0.3&ixid=M3wxMjA3fDB8MHxwaG90by1wYWdlfHx8fGVufDB8fHx8fA%3D%3D.jpg
Sea,the sun is setting over the ocean waves,full/b14512c23d4e9db23c78d3e8ac6c0fe5f233f025.jpg,https://plus.unsplash.com/premium_photo-1669018130437-7cf2eb36af1c?q=80&w=4505&auto=format&fit=crop&ixlib=rb-4.0.3&ixid=M3wxMjA3fDB8MHxwaG90by1wYWdlfHx8fGVufDB8fHx8fA%3D%3D.jpg
Sea,body of water under blue and white sky at daytime,full/7cd9fcfa3ac913786745e7796e5e286a3dca635f.jpg,https://images.unsplash.com/photo-1468581264429-2548ef9eb732?q=80&w=4696&auto=format&fit=crop&ixlib=rb-4.0.3&ixid=M3wxMjA3fDB8MHxwaG90by1wYWdlfHx8fGVufDB8fHx8fA%3D%3D.jpg
Sea,bird's eye view of islands,full/5201f845473fb171d7ff6461c7bc24b45be6ade8.jpg,https://images.unsplash.com/photo-1483683804023-6ccdb62f86ef?q=80&w=2992&auto=format&fit=crop&ixlib=rb-4.0.3&ixid=M3wxMjA3fDB8MHxwaG90by1wYWdlfHx8fGVufDB8fHx8fA%3D%3D.jpg
Sea,calm body of water during golden hour,full/da9e321faf876b9b36769710a7f01ae9526ded5b.jpg,https://images.unsplash.com/photo-1501436513145-30f24e19fcc8?q=80&w=2520&auto=format&fit=crop&ixlib=rb-4.0.3&ixid=M3wxMjA3fDB8MHxwaG90by1wYWdlfHx8fGVufDB8fHx8fA%3D%3D.jpg
Sea,body of water under clear blue sky,full/08a0bcdd4e0e0737c9b42863d0859ab872c0a0ba.jpg,https://images.unsplash.com/photo-1441829266145-6d4bfbd38eb4?q=80&w=2122&auto=format&fit=crop&ixlib=rb-4.0.3&ixid=M3wxMjA3fDB8MHxwaG90by1wYWdlfHx8fGVufDB8fHx8fA%3D%3D.jpg
Sea,a large body of water sitting under a blue sky,full/9b51b23075d16d0d35c46a1198cd6b7d0e999d6d.jpg,https://plus.unsplash.com/premium_photo-1669131388906-2179e2b8a439?q=80&w=3899&auto=format&fit=crop&ixlib=rb-4.0.3&ixid=M3wxMjA3fDB8MHxwaG90by1wYWdlfHx8fGVufDB8fHx8fA%3D%3D.jpg
Sea,ocean wave at the rocky shore,full/96b6563ce749447c04d3e79fc359ae467a1e26b6.jpg,https://images.unsplash.com/photo-1489589947464-ac72e1abd198?q=80&w=3292&auto=format&fit=crop&ixlib=rb-4.0.3&ixid=M3wxMjA3fDB8MHxwaG90by1wYWdlfHx8fGVufDB8fHx8fA%3D%3D.jpg
Sea,an aerial view of a beach with waves and sand,full/283fb15622d0edb5922169bf710d4a37da9a7031.jpg,https://plus.unsplash.com/premium_photo-1670591909028-1ea631e317d7?q=80&w=4900&auto=format&fit=crop&ixlib=rb-4.0.3&ixid=M3wxMjA3fDB8MHxwaG90by1wYWdlfHx8fGVufDB8fHx8fA%3D%3D.jpg
Sea,body of water during golden hour,full/587ed44dc890b96939c649c5898d020a04ae1584.jpg,https://images.unsplash.com/photo-1439405326854-014607f694d7?q=80&w=5640&auto=format&fit=crop&ixlib=rb-4.0.3&ixid=M3wxMjA3fDB8MHxwaG90by1wYWdlfHx8fGVufDB8fHx8fA%3D%3D.jpg
Sea,five birds flying on the sea,full/ad3d0419928c01aabc2e2aaeb6af6eeb1982a9c9.jpg,https://images.unsplash.com/photo-1471922694854-ff1b63b20054?q=80&w=4928&auto=format&fit=crop&ixlib=rb-4.0.3&ixid=M3wxMjA3fDB8MHxwaG90by1wYWdlfHx8fGVufDB8fHx8fA%3D%3D.jpg
Sea,Seascape of the ocean foam,full/a50b9c5c9b71150c099a6eb83a1872e5a84c86c1.jpg,https://images.unsplash.com/photo-1435820394963-a15297f976fd?q=80&w=1944&auto=format&fit=crop&ixlib=rb-4.0.3&ixid=M3wxMjA3fDB8MHxwaG90by1wYWdlfHx8fGVufDB8fHx8fA%3D%3D.jpg
Sea,cloud above ocean,full/4f0bd53beb5fdfde68e13ec1cb51f3615c1163bc.jpg,https://images.unsplash.com/photo-1497290756760-23ac55edf36f?q=80&w=2400&auto=format&fit=crop&ixlib=rb-4.0.3&ixid=M3wxMjA3fDB8MHxwaG90by1wYWdlfHx8fGVufDB8fHx8fA%3D%3D.jpg
Sea,a large wave breaking over the top of the ocean,full/b0a9959e0350ec2d50942e91376b82dc040fa056.jpg,https://plus.unsplash.com/premium_photo-1667149988086-faabd5a500b3?q=80&w=6000&auto=format&fit=crop&ixlib=rb-4.0.3&ixid=M3wxMjA3fDB8MHxwaG90by1wYWdlfHx8fGVufDB8fHx8fA%3D%3D.jpg
Sea,aerial photography of large body of water and shoreline,full/6742e95def9fc6f468fc6dd91263c913fdca035c.jpg,https://images.unsplash.com/photo-1505118380757-91f5f5632de0?q=80&w=2902&auto=format&fit=crop&ixlib=rb-4.0.3&ixid=M3wxMjA3fDB8MHxwaG90by1wYWdlfHx8fGVufDB8fHx8fA%3D%3D.jpg
Fish,photography of sting ray,full/a0e84033b9907dac3260987f8f91e6c7a69670ea.jpg,https://images.unsplash.com/photo-1513039464749-94912b3841ce?q=80&w=2970&auto=format&fit=crop&ixlib=rb-4.0.3&ixid=M3wxMjA3fDB8MHxwaG90by1wYWdlfHx8fGVufDB8fHx8fA%3D%3D.jpg
Fish,blue and yellow fish swimming underwater,full/0df480f19aa13b9d674cd2fff3c118cbbd0d1732.jpg,https://images.unsplash.com/photo-1522721161886-ecb3e3b9f3e6?q=80&w=4574&auto=format&fit=crop&ixlib=rb-4.0.3&ixid=M3wxMjA3fDB8MHxwaG90by1wYWdlfHx8fGVufDB8fHx8fA%3D%3D.jpg
Fish,blue and black fish,full/a8f9b542b7c59e25c9122734192035680825d854.jpg,https://images.unsplash.com/photo-1539895360896-16462a60ad12?q=80&w=5350&auto=format&fit=crop&ixlib=rb-4.0.3&ixid=M3wxMjA3fDB8MHxwaG90by1wYWdlfHx8fGVufDB8fHx8fA%3D%3D.jpg
Sea,a man riding a surfboard on top of a wave in the ocean,full/367d99fbf6b58e03751e54846b4f6eddaeb01035.jpg,https://plus.unsplash.com/premium_photo-1675620963970-41055a7d6cfc?q=80&w=6528&auto=format&fit=crop&ixlib=rb-4.0.3&ixid=M3wxMjA3fDB8MHxwaG90by1wYWdlfHx8fGVufDB8fHx8fA%3D%3D.jpg
Fish,A school of fish in Komodo,full/80e473cf2bcd4b4d7e74937e9abcdc9dde51ffc4.jpg,https://plus.unsplash.com/premium_photo-1661812071978-771a70ca1516?q=80&w=3200&auto=format&fit=crop&ixlib=rb-4.0.3&ixid=M3wxMjA3fDB8MHxwaG90by1wYWdlfHx8fGVufDB8fHx8fA%3D%3D.jpg
Fish,underwater photography of red fish,full/47cadb1f60f34c244de897852b7fa6eb41acd884.jpg,https://images.unsplash.com/photo-1497671954146-59a89ff626ff?q=80&w=3312&auto=format&fit=crop&ixlib=rb-4.0.3&ixid=M3wxMjA3fDB8MHxwaG90by1wYWdlfHx8fGVufDB8fHx8fA%3D%3D.jpg
Fish,two silver fishes on round white ceramic plate,full/a4aa84e00c7de89bbf98c5135ffcfd62c420f8e9.jpg,https://images.unsplash.com/photo-1510130387422-82bed34b37e9?q=80&w=3024&auto=format&fit=crop&ixlib=rb-4.0.3&ixid=M3wxMjA3fDB8MHxwaG90by1wYWdlfHx8fGVufDB8fHx8fA%3D%3D.jpg
Fish,orange koi fish on body of water,full/c1f5acee40801d399382501d5a0178d582984c6c.jpg,https://images.unsplash.com/photo-1511857543145-0c6865f84a50?q=80&w=2048&auto=format&fit=crop&ixlib=rb-4.0.3&ixid=M3wxMjA3fDB8MHxwaG90by1wYWdlfHx8fGVufDB8fHx8fA%3D%3D.jpg
Fish,"photo of two black, white, and orange koi fish",full/848a99b25eaba94cc3d8fc2f2cc2a2edd2027d69.jpg,https://images.unsplash.com/photo-1466354424719-343280fe118b?q=80&w=5184&auto=format&fit=crop&ixlib=rb-4.0.3&ixid=M3wxMjA3fDB8MHxwaG90by1wYWdlfHx8fGVufDB8fHx8fA%3D%3D.jpg
Fish,a fish that is swimming in the water,full/8290d1ae31b924a0bdb664a5f69912835ca812fe.jpg,https://plus.unsplash.com/premium_photo-1684943834572-aefa4307e5a8?q=80&w=3456&auto=format&fit=crop&ixlib=rb-4.0.3&ixid=M3wxMjA3fDB8MHxwaG90by1wYWdlfHx8fGVufDB8fHx8fA%3D%3D.jpg
Fish,a fish on a cutting board with lemons and rosemary,full/5c924eeb323d5fb060818402ac823d580d081903.jpg,https://plus.unsplash.com/premium_photo-1693221705305-6eff5fa8e483?q=80&w=6536&auto=format&fit=crop&ixlib=rb-4.0.3&ixid=M3wxMjA3fDB8MHxwaG90by1wYWdlfHx8fGVufDB8fHx8fA%3D%3D.jpg
Fish,school of assorted-color koi fish,full/486feb8fdafb7533e829a90325944b214d32ba4f.jpg,https://images.unsplash.com/photo-1540996772485-94e7e92bc1f0?q=80&w=3896&auto=format&fit=crop&ixlib=rb-4.0.3&ixid=M3wxMjA3fDB8MHxwaG90by1wYWdlfHx8fGVufDB8fHx8fA%3D%3D.jpg
Fish,Fish cut in half on kitchen table.  Minimal concept.,full/7e22e2960206ef19eac33c0b984be83c31efeafd.jpg,https://plus.unsplash.com/premium_photo-1658506882721-22583f4bab84?q=80&w=3648&auto=format&fit=crop&ixlib=rb-4.0.3&ixid=M3wxMjA3fDB8MHxwaG90by1wYWdlfHx8fGVufDB8fHx8fA%3D%3D.jpg
Fish,clown fish in shallow focus photography,full/09d467d50fee6e05a2c62dbe508c54e38654014c.jpg,https://images.unsplash.com/photo-1535591273668-578e31182c4f?q=80&w=6000&auto=format&fit=crop&ixlib=rb-4.0.3&ixid=M3wxMjA3fDB8MHxwaG90by1wYWdlfHx8fGVufDB8fHx8fA%3D%3D.jpg
Fish,two fish peeking on mouth of yellow and green fish,full/e8a416c11b165c6b8ebc8183acae85187407a973.jpg,https://images.unsplash.com/photo-1517010347965-8d5f0c0062c9?q=80&w=3729&auto=format&fit=crop&ixlib=rb-4.0.3&ixid=M3wxMjA3fDB8MHxwaG90by1wYWdlfHx8fGVufDB8fHx8fA%3D%3D.jpg
Fish,shallow focus photography of green seahorse,full/fd8d0820b2875d54d6260e47f710f9e3288371f3.jpg,https://images.unsplash.com/photo-1523585895729-a4bb980d5c14?q=80&w=3452&auto=format&fit=crop&ixlib=rb-4.0.3&ixid=M3wxMjA3fDB8MHxwaG90by1wYWdlfHx8fGVufDB8fHx8fA%3D%3D.jpg
Fish,white gold fish,full/f28567ca340cee0d1b6bfd8e0af0cdf081bcafbc.jpg,https://images.unsplash.com/photo-1522069169874-c58ec4b76be5?q=80&w=5142&auto=format&fit=crop&ixlib=rb-4.0.3&ixid=M3wxMjA3fDB8MHxwaG90by1wYWdlfHx8fGVufDB8fHx8fA%3D%3D.jpg
Fish,A dolphin and sardines in South Africa,full/276300b87ba6fce8bc8eb8a5ef09e5c8a182f122.jpg,https://plus.unsplash.com/premium_photo-1661936371108-6765cb65b4d6?q=80&w=4572&auto=format&fit=crop&ixlib=rb-4.0.3&ixid=M3wxMjA3fDB8MHxwaG90by1wYWdlfHx8fGVufDB8fHx8fA%3D%3D.jpg
Whale,photo of whale tail,full/f7638cf6b2ba51305c22ad4e4a6edb08ddc45b94.jpg,https://images.unsplash.com/photo-1450819413371-e777374fc8ad?q=80&w=4000&auto=format&fit=crop&ixlib=rb-4.0.3&ixid=M3wxMjA3fDB8MHxwaG90by1wYWdlfHx8fGVufDB8fHx8fA%3D%3D.jpg
Whale,whale's tale on water,full/ed1d6453abb06f6acf8ae7afc1732ba57cf5acda.jpg,https://images.unsplash.com/photo-1570913179118-f3d24be1d1f7?q=80&w=5338&auto=format&fit=crop&ixlib=rb-4.0.3&ixid=M3wxMjA3fDB8MHxwaG90by1wYWdlfHx8fGVufDB8fHx8fA%3D%3D.jpg
Whale,A humpback whale jumping out of the water,full/d92ce998685b3887b8212f120b70a1edd8df1cff.jpg,https://images.unsplash.com/photo-1723748651613-e24586599f30?q=80&w=3840&auto=format&fit=crop&ixlib=rb-4.0.3&ixid=M3wxMjA3fDB8MHxwaG90by1wYWdlfHx8fGVufDB8fHx8fA%3D%3D.jpg
Whale,two humpback whales swimming in the ocean,full/c5419cde349b3c39f07bd34a384bd3cc22b5bcc4.jpg,https://plus.unsplash.com/premium_photo-1664304436617-7d72c48d0222?q=80&w=5542&auto=format&fit=crop&ixlib=rb-4.0.3&ixid=M3wxMjA3fDB8MHxwaG90by1wYWdlfHx8fGVufDB8fHx8fA%3D%3D.jpg
Whale,A whale's tail is sticking out of the water,full/2b57b647e8450b3eaadd32c68a876d3661e5ed9c.jpg,https://images.unsplash.com/photo-1723246619553-fd5685fb559f?q=80&w=2500&auto=format&fit=crop&ixlib=rb-4.0.3&ixid=M3wxMjA3fDB8MHxwaG90by1wYWdlfHx8fGVufDB8fHx8fA%3D%3D.jpg
Whale,photography of whale,full/74c711106c2b8dc332507e71e9de3beccc65c86c.jpg,https://images.unsplash.com/photo-1454991727061-be514eae86f7?q=80&w=5233&auto=format&fit=crop&ixlib=rb-4.0.3&ixid=M3wxMjA3fDB8MHxwaG90by1wYWdlfHx8fGVufDB8fHx8fA%3D%3D.jpg
Whale,A humpback whale swimming in the ocean,full/a0390ffcd6cb5a23fdc31fe88bb0ec51ba04fcfa.jpg,https://plus.unsplash.com/premium_photo-1724668625323-ccd85574c6b9?q=80&w=6000&auto=format&fit=crop&ixlib=rb-4.0.3&ixid=M3wxMjA3fDB8MHxwaG90by1wYWdlfHx8fGVufDB8fHx8fA%3D%3D.jpg
Whale,four shale in body of water under cloudy sky,full/005f6d82bf30c73fa45055b7b7439a9a4f9cda0a.jpg,https://images.unsplash.com/photo-1506666486876-fec82d6e1efc?q=80&w=2880&auto=format&fit=crop&ixlib=rb-4.0.3&ixid=M3wxMjA3fDB8MHxwaG90by1wYWdlfHx8fGVufDB8fHx8fA%3D%3D.jpg
Whale,blue whale in body of water,full/20f40fa8ea6704291d588660a07031093aa33dee.jpg,https://images.unsplash.com/photo-1520646924857-261be3037bc7?q=80&w=3069&auto=format&fit=crop&ixlib=rb-4.0.3&ixid=M3wxMjA3fDB8MHxwaG90by1wYWdlfHx8fGVufDB8fHx8fA%3D%3D.jpg
Whale,black whale in water during daytime,full/7814178e1cd7a994da48d9bb320b2bc97124600f.jpg,https://images.unsplash.com/photo-1587606607115-1165198fd0de?q=80&w=5073&auto=format&fit=crop&ixlib=rb-4.0.3&ixid=M3wxMjA3fDB8MHxwaG90by1wYWdlfHx8fGVufDB8fHx8fA%3D%3D.jpg
Whale,Humpback whale jumps out of the water. Madagascar. St. Mary's Island. An excellent illustration.,full/e6a30b3ec976708b2b0cc112007b52ff48001010.jpg,https://plus.unsplash.com/premium_photo-1661847613093-bbb6d1c0f73a?q=80&w=4992&auto=format&fit=crop&ixlib=rb-4.0.3&ixid=M3wxMjA3fDB8MHxwaG90by1wYWdlfHx8fGVufDB8fHx8fA%3D%3D.jpg
Whale,gray whale on water,full/6dfd4b135424fc1b3e013bf2cc0c0387c4f33394.jpg,https://images.unsplash.com/photo-1531739419660-bd4a79e4deca?q=80&w=3992&auto=format&fit=crop&ixlib=rb-4.0.3&ixid=M3wxMjA3fDB8MHxwaG90by1wYWdlfHx8fGVufDB8fHx8fA%3D%3D.jpg
Whale,photo of whale,full/a418f754fb90816c90e4299b42229d9a881ec767.jpg,https://images.unsplash.com/photo-1512419944406-9e8e4d4fee8a?q=80&w=3072&auto=format&fit=crop&ixlib=rb-4.0.3&ixid=M3wxMjA3fDB8MHxwaG90by1wYWdlfHx8fGVufDB8fHx8fA%3D%3D.jpg
Whale,black and white whale tail on blue ocean water during daytime,full/2f9f264188d8d64bfcfff78a9920b59442b27f14.jpg,https://images.unsplash.com/photo-1606576974184-17d3ca6a9fc1?q=80&w=4092&auto=format&fit=crop&ixlib=rb-4.0.3&ixid=M3wxMjA3fDB8MHxwaG90by1wYWdlfHx8fGVufDB8fHx8fA%3D%3D.jpg
Whale,whale's tail sticking out of the ocean during day,full/0e3bd0dc79cd9cbd0adb66a975eb5aa273d35538.jpg,https://images.unsplash.com/photo-1576124344805-c47cea66b0db?q=80&w=4949&auto=format&fit=crop&ixlib=rb-4.0.3&ixid=M3wxMjA3fDB8MHxwaG90by1wYWdlfHx8fGVufDB8fHx8fA%3D%3D.jpg
Whale,grey dolphin on body of water during daytime,full/c94bca844b7ffe117bac4c1f0265a2a1d9a33fb8.jpg,https://images.unsplash.com/photo-1568430328012-21ed450453ea?q=80&w=4288&auto=format&fit=crop&ixlib=rb-4.0.3&ixid=M3wxMjA3fDB8MHxwaG90by1wYWdlfHx8fGVufDB8fHx8fA%3D%3D.jpg
Whale,Seascape with Whale tail. The humpback whale (Megaptera novaeangliae) tail,full/45748c73992bcc555d27ae67de65c0253e116439.jpg,https://plus.unsplash.com/premium_photo-1664303395976-2c473d2803c5?q=80&w=4092&auto=format&fit=crop&ixlib=rb-4.0.3&ixid=M3wxMjA3fDB8MHxwaG90by1wYWdlfHx8fGVufDB8fHx8fA%3D%3D.jpg
Whale,blue whale on sea,full/8349b063c0f866f13a7209ca1034e2a66e01bbd2.jpg,https://images.unsplash.com/photo-1568430462989-44163eb1752f?q=80&w=3008&auto=format&fit=crop&ixlib=rb-4.0.3&ixid=M3wxMjA3fDB8MHxwaG90by1wYWdlfHx8fGVufDB8fHx8fA%3D%3D.jpg
Whale,A beautiful shot of a Southern right whale,full/639fbb11e491d67ef6d0fa7cff931914489ae762.jpg,https://plus.unsplash.com/premium_photo-1697730002225-fcdc0ba16854?q=80&w=7999&auto=format&fit=crop&ixlib=rb-4.0.3&ixid=M3wxMjA3fDB8MHxwaG90by1wYWdlfHx8fGVufDB8fHx8fA%3D%3D.jpg
Ocean underwater,a boat floating on top of a body of water,full/59e190d8b0290d6a49f7f389442bcd6acb1af2eb.jpg,https://plus.unsplash.com/premium_photo-1680529431093-8e128705fb78?q=80&w=6240&auto=format&fit=crop&ixlib=rb-4.0.3&ixid=M3wxMjA3fDB8MHxwaG90by1wYWdlfHx8fGVufDB8fHx8fA%3D%3D.jpg
Ocean underwater,a statue of a man under the water,full/6e2f0b40b1051e8e7d85a337cc3909b5a825b26a.jpg,https://plus.unsplash.com/premium_photo-1708435781137-324199313d60?q=80&w=4000&auto=format&fit=crop&ixlib=rb-4.0.3&ixid=M3wxMjA3fDB8MHxwaG90by1wYWdlfHx8fGVufDB8fHx8fA%3D%3D.jpg
Ocean underwater,blue and gray fish near corrals,full/25adf2407656346e022e6455eac11a1fc2b955ba.jpg,https://images.unsplash.com/photo-1514907283155-ea5f4094c70c?q=80&w=6000&auto=format&fit=crop&ixlib=rb-4.0.3&ixid=M3wxMjA3fDB8MHxwaG90by1wYWdlfHx8fGVufDB8fHx8fA%3D%3D.jpg
Ocean underwater,school of fish under water,full/7efd8978a500437b46f8595fe54508c7ecd90770.jpg,https://images.unsplash.com/photo-1459128806329-1b61d19a0f93?q=80&w=6000&auto=format&fit=crop&ixlib=rb-4.0.3&ixid=M3wxMjA3fDB8MHxwaG90by1wYWdlfHx8fGVufDB8fHx8fA%3D%3D.jpg
Ocean underwater,underwater photo,full/e8f202c24a35d7c84eca9d246ef832568e10d04b.jpg,https://images.unsplash.com/photo-1465634836201-1d5651b9b6d6?q=80&w=4000&auto=format&fit=crop&ixlib=rb-4.0.3&ixid=M3wxMjA3fDB8MHxwaG90by1wYWdlfHx8fGVufDB8fHx8fA%3D%3D.jpg
Ocean underwater,brown turtle swimming underwater,full/2330a9e4f4a1d6b41a022aec60283aa6d2338a78.jpg,https://images.unsplash.com/photo-1437622368342-7a3d73a34c8f?q=80&w=1920&auto=format&fit=crop&ixlib=rb-4.0.3&ixid=M3wxMjA3fDB8MHxwaG90by1wYWdlfHx8fGVufDB8fHx8fA%3D%3D.jpg
Ocean underwater,woman swimming under water,full/302c4e92cb5495b73510ed143fa5d2e6facae5fe.jpg,https://images.unsplash.com/photo-1480109866847-0b432ceb666a?q=80&w=3000&auto=format&fit=crop&ixlib=rb-4.0.3&ixid=M3wxMjA3fDB8MHxwaG90by1wYWdlfHx8fGVufDB8fHx8fA%3D%3D.jpg
Ocean underwater,red fish beside pink coral,full/334e64f34a6126662948ac4512f118de59a27cbe.jpg,https://images.unsplash.com/photo-1516683037151-9a17603a8dc7?q=80&w=3408&auto=format&fit=crop&ixlib=rb-4.0.3&ixid=M3wxMjA3fDB8MHxwaG90by1wYWdlfHx8fGVufDB8fHx8fA%3D%3D.jpg
Ocean underwater,green corals under water,full/3bb2b6ecba8ed40f0631aa590dbb398271b3a7ac.jpg,https://images.unsplash.com/photo-1551244072-5d12893278ab?q=80&w=4000&auto=format&fit=crop&ixlib=rb-4.0.3&ixid=M3wxMjA3fDB8MHxwaG90by1wYWdlfHx8fGVufDB8fHx8fA%3D%3D.jpg
Ocean underwater,photo of underwater,full/52e6bb3992da3d1cf9fe390551efaf89f03d1c07.jpg,https://images.unsplash.com/photo-1464925257126-6450e871c667?q=80&w=4000&auto=format&fit=crop&ixlib=rb-4.0.3&ixid=M3wxMjA3fDB8MHxwaG90by1wYWdlfHx8fGVufDB8fHx8fA%3D%3D.jpg
Ocean underwater,photography of sea corals,full/1a83dae11f4ef63621c1fcaa453d3d2436ccbf3d.jpg,https://images.unsplash.com/photo-1470092306007-055b6797ca72?q=80&w=4000&auto=format&fit=crop&ixlib=rb-4.0.3&ixid=M3wxMjA3fDB8MHxwaG90by1wYWdlfHx8fGVufDB8fHx8fA%3D%3D.jpg
Ocean underwater,the sun is shining over the water and rocks,full/5674348684af826266d5735af1156179b91b54d6.jpg,https://plus.unsplash.com/premium_photo-1675433344518-21eb72dfc7a5?q=80&w=4000&auto=format&fit=crop&ixlib=rb-4.0.3&ixid=M3wxMjA3fDB8MHxwaG90by1wYWdlfHx8fGVufDB8fHx8fA%3D%3D.jpg
Ocean underwater,close up photography of brown sea turtle,full/6ecca40fd626ffaf8cccc79c8f9349a4a0f70b03.jpg,https://images.unsplash.com/photo-1518467166778-b88f373ffec7?q=80&w=4993&auto=format&fit=crop&ixlib=rb-4.0.3&ixid=M3wxMjA3fDB8MHxwaG90by1wYWdlfHx8fGVufDB8fHx8fA%3D%3D.jpg
Ocean underwater,school of fish on corals,full/cbf040bb883e47ce47adc4f4c880361361d2d8c7.jpg,https://images.unsplash.com/photo-1533713692156-f70938dc0d54?q=80&w=4160&auto=format&fit=crop&ixlib=rb-4.0.3&ixid=M3wxMjA3fDB8MHxwaG90by1wYWdlfHx8fGVufDB8fHx8fA%3D%3D.jpg
Ocean underwater,a turtle swimming in the water,full/f32438f0f8e5300468fc2a09076b1af3bbf136ce.jpg,https://plus.unsplash.com/premium_photo-1669842162407-abfc5f9e981e?q=80&w=4176&auto=format&fit=crop&ixlib=rb-4.0.3&ixid=M3wxMjA3fDB8MHxwaG90by1wYWdlfHx8fGVufDB8fHx8fA%3D%3D.jpg
Ocean underwater,clear blue body of water,full/f4009ff5d588b3fde68a2432b38001b41b229d7e.jpg,https://images.unsplash.com/photo-1530053969600-caed2596d242?q=80&w=4000&auto=format&fit=crop&ixlib=rb-4.0.3&ixid=M3wxMjA3fDB8MHxwaG90by1wYWdlfHx8fGVufDB8fHx8fA%3D%3D.jpg
Ocean underwater,a man riding a surfboard under water,full/ccae95f598751f09c631784c4afd6ac4048d9111.jpg,https://plus.unsplash.com/premium_photo-1682690777032-d3404f78025f?q=80&w=6000&auto=format&fit=crop&ixlib=rb-4.0.3&ixid=M3wxMjA3fDB8MHxwaG90by1wYWdlfHx8fGVufDB8fHx8fA%3D%3D.jpg
Forest,pine trees field near mountain under sunset,full/78b8aa56e3a553a948757907b549bdfcf4688d2f.jpg,https://images.unsplash.com/photo-1511497584788-876760111969?q=80&w=6000&auto=format&fit=crop&ixlib=rb-4.0.3&ixid=M3wxMjA3fDB8MHxwaG90by1wYWdlfHx8fGVufDB8fHx8fA%3D%3D.jpg
Forest,green pine trees,full/2cfd9fba424b683644db07615e60b7c3d317a161.jpg,https://images.unsplash.com/photo-1440581572325-0bea30075d9d?q=80&w=3264&auto=format&fit=crop&ixlib=rb-4.0.3&ixid=M3wxMjA3fDB8MHxwaG90by1wYWdlfHx8fGVufDB8fHx8fA%3D%3D.jpg
Forest,lake under blue sky during daytime,full/e51495ce198aaaf24a50036ef38801a1277d81fe.jpg,https://images.unsplash.com/photo-1477322524744-0eece9e79640?q=80&w=2329&auto=format&fit=crop&ixlib=rb-4.0.3&ixid=M3wxMjA3fDB8MHxwaG90by1wYWdlfHx8fGVufDB8fHx8fA%3D%3D.jpg
Forest,pathway between green trees,full/6e79e6394af7496206b69c50e4a708e2ff179812.jpg,https://images.unsplash.com/photo-1519821172144-4f87d85de2a1?q=80&w=1951&auto=format&fit=crop&ixlib=rb-4.0.3&ixid=M3wxMjA3fDB8MHxwaG90by1wYWdlfHx8fGVufDB8fHx8fA%3D%3D.jpg
Forest,low-light photo of forest,full/d93a1087bb942b62b2ba709c1489c2d5a96d266e.jpg,https://images.unsplash.com/photo-1426170042593-200f250dfdaf?q=80&w=2560&auto=format&fit=crop&ixlib=rb-4.0.3&ixid=M3wxMjA3fDB8MHxwaG90by1wYWdlfHx8fGVufDB8fHx8fA%3D%3D.jpg
Forest,low angle photography of trees at daytime,full/c4dee2ee739a16f20a8974525ba462bd8e0f7efd.jpg,https://images.unsplash.com/photo-1513836279014-a89f7a76ae86?q=80&w=3654&auto=format&fit=crop&ixlib=rb-4.0.3&ixid=M3wxMjA3fDB8MHxwaG90by1wYWdlfHx8fGVufDB8fHx8fA%3D%3D.jpg
Forest,tall green tree painting,full/ed2f13b0f73190765d8972431e323e3bc93890d5.jpg,https://images.unsplash.com/photo-1505635725851-c2cfe9e29112?q=80&w=4979&auto=format&fit=crop&ixlib=rb-4.0.3&ixid=M3wxMjA3fDB8MHxwaG90by1wYWdlfHx8fGVufDB8fHx8fA%3D%3D.jpg
Forest,Aerial view of Phang Nga bay with mountains at sunrise in Thailand.,full/567c12276b90e6f29543f5345132410b61caafed.jpg,https://plus.unsplash.com/premium_photo-1664300792059-863ccfe55932?q=80&w=5472&auto=format&fit=crop&ixlib=rb-4.0.3&ixid=M3wxMjA3fDB8MHxwaG90by1wYWdlfHx8fGVufDB8fHx8fA%3D%3D.jpg
Forest,a large group of green trees in a forest,full/29b573880cf83d0fe718a6a9429b2d4542efde72.jpg,https://plus.unsplash.com/premium_photo-1675355675464-2deabb1f893b?q=80&w=7447&auto=format&fit=crop&ixlib=rb-4.0.3&ixid=M3wxMjA3fDB8MHxwaG90by1wYWdlfHx8fGVufDB8fHx8fA%3D%3D.jpg
Forest,an aerial view of a forest with lots of trees,full/254b35463c96a73c5880f4522ba576fffec671e0.jpg,https://plus.unsplash.com/premium_photo-1663950774999-8da6f0553d8c?q=80&w=5272&auto=format&fit=crop&ixlib=rb-4.0.3&ixid=M3wxMjA3fDB8MHxwaG90by1wYWdlfHx8fGVufDB8fHx8fA%3D%3D.jpg
Forest,photography of tall trees at daytime,full/5aa052898c1461bbf5decbc5a00afbf1d2766873.jpg,https://images.unsplash.com/photo-1425913397330-cf8af2ff40a1?q=80&w=3264&auto=format&fit=crop&ixlib=rb-4.0.3&ixid=M3wxMjA3fDB8MHxwaG90by1wYWdlfHx8fGVufDB8fHx8fA%3D%3D.jpg
Forest,body of water surrounded by pine trees during daytime,full/db28543232c87a88c3af3f852560d033d6798814.jpg,https://images.unsplash.com/photo-1473448912268-2022ce9509d8?q=80&w=4561&auto=format&fit=crop&ixlib=rb-4.0.3&ixid=M3wxMjA3fDB8MHxwaG90by1wYWdlfHx8fGVufDB8fHx8fA%3D%3D.jpg
Forest,Forest during daytime,full/f57538f33b6efeaabe75ba7c7af3b12daf765b67.jpg,https://images.unsplash.com/photo-1507041957456-9c397ce39c97?q=80&w=3456&auto=format&fit=crop&ixlib=rb-4.0.3&ixid=M3wxMjA3fDB8MHxwaG90by1wYWdlfHx8fGVufDB8fHx8fA%3D%3D.jpg
Forest,aerial photography of forest,full/6349dc89e78122920017c6b092bcbafa541fc4f4.jpg,https://images.unsplash.com/photo-1503435980610-a51f3ddfee50?q=80&w=3840&auto=format&fit=crop&ixlib=rb-4.0.3&ixid=M3wxMjA3fDB8MHxwaG90by1wYWdlfHx8fGVufDB8fHx8fA%3D%3D.jpg
Forest,aerial shot of road surrounded by green trees,full/bd0e8674be358660455f071a51f3d8cb29900916.jpg,https://images.unsplash.com/photo-1476231682828-37e571bc172f?q=80&w=4000&auto=format&fit=crop&ixlib=rb-4.0.3&ixid=M3wxMjA3fDB8MHxwaG90by1wYWdlfHx8fGVufDB8fHx8fA%3D%3D.jpg
Forest,a forest of trees,full/a2866d984f6b9a508db0c5df69fe97ec55ad51c6.jpg,https://plus.unsplash.com/premium_photo-1669613233557-1676c121fe73?q=80&w=5464&auto=format&fit=crop&ixlib=rb-4.0.3&ixid=M3wxMjA3fDB8MHxwaG90by1wYWdlfHx8fGVufDB8fHx8fA%3D%3D.jpg
Forest,wanderlust landscape scene with pines,full/7c8064fdbbab36fad0437bc9301ec7cc23600ae3.jpg,https://plus.unsplash.com/premium_vector-1697729804286-7dd6c1a04597?q=80&w=3600&auto=format&fit=crop&ixlib=rb-4.0.3&ixid=M3wxMjA3fDB8MHxwaG90by1wYWdlfHx8fGVufDB8fHx8fA%3D%3D.jpg
Forest,an aerial view of a lush green forest,full/32cc8eb0613d16a4de11842db4b7e534a98e9791.jpg,https://plus.unsplash.com/premium_photo-1666666222364-7479e7347833?q=80&w=3070&auto=format&fit=crop&ixlib=rb-4.0.3&ixid=M3wxMjA3fDB8MHxwaG90by1wYWdlfHx8fGVufDB8fHx8fA%3D%3D.jpg
Forest,trees on forest with sun rays,full/f2bb90517f06426cc325ebebda79b31f935f8e66.jpg,https://images.unsplash.com/photo-1448375240586-882707db888b?q=80&w=6000&auto=format&fit=crop&ixlib=rb-4.0.3&ixid=M3wxMjA3fDB8MHxwaG90by1wYWdlfHx8fGVufDB8fHx8fA%3D%3D.jpg
Jellyfish,four orange jellyfish,full/afaa983c2a21d6283da50025a13e41d5a53da7df.jpg,https://images.unsplash.com/photo-1547103106-9a0e718bb2d2?q=80&w=3985&auto=format&fit=crop&ixlib=rb-4.0.3&ixid=M3wxMjA3fDB8MHxwaG90by1wYWdlfHx8fGVufDB8fHx8fA%3D%3D.jpg
Forest,trees reflecting on body of water,full/f035ea2b026100993665914a5bb96b95a481bf56.jpg,https://images.unsplash.com/photo-1496060169243-453fde45943b?q=80&w=7087&auto=format&fit=crop&ixlib=rb-4.0.3&ixid=M3wxMjA3fDB8MHxwaG90by1wYWdlfHx8fGVufDB8fHx8fA%3D%3D.jpg
Jellyfish,a group of jellyfish swimming in the water,full/b179ecabb841fb90e580b867929284e24a414629.jpg,https://plus.unsplash.com/premium_photo-1693723596981-9a736a5966dd?q=80&w=4896&auto=format&fit=crop&ixlib=rb-4.0.3&ixid=M3wxMjA3fDB8MHxwaG90by1wYWdlfHx8fGVufDB8fHx8fA%3D%3D.jpg
Jellyfish,underwater photography of jellyfish,full/4ef01797710f7f8df25afed199c66354449c47f3.jpg,https://images.unsplash.com/photo-1506656680297-07a6e8be48eb?q=80&w=4000&auto=format&fit=crop&ixlib=rb-4.0.3&ixid=M3wxMjA3fDB8MHxwaG90by1wYWdlfHx8fGVufDB8fHx8fA%3D%3D.jpg
Jellyfish,white and blue jellyfish swims under water,full/d2451fd52db2abd6e8b969b3acfb38f852740370.jpg,https://images.unsplash.com/photo-1517842193836-33a9a05e19aa?q=80&w=2738&auto=format&fit=crop&ixlib=rb-4.0.3&ixid=M3wxMjA3fDB8MHxwaG90by1wYWdlfHx8fGVufDB8fHx8fA%3D%3D.jpg
Jellyfish,white jellyfish,full/b0364072168e8b371d9e262ebcb3b3492abf9dce.jpg,https://images.unsplash.com/photo-1488953994029-e6a7ba3348f7?q=80&w=4000&auto=format&fit=crop&ixlib=rb-4.0.3&ixid=M3wxMjA3fDB8MHxwaG90by1wYWdlfHx8fGVufDB8fHx8fA%3D%3D.jpg
Jellyfish,a blue jellyfish floating in the dark water,full/8975a2999f19c8960278597cb87eebf6eff37f94.jpg,https://plus.unsplash.com/premium_photo-1683894555652-b0c58f7ce99c?q=80&w=4843&auto=format&fit=crop&ixlib=rb-4.0.3&ixid=M3wxMjA3fDB8MHxwaG90by1wYWdlfHx8fGVufDB8fHx8fA%3D%3D.jpg
Jellyfish,photo of brown jellyfish,full/116c11e017df02e75b778ed3979b4d142700cb6e.jpg,https://images.unsplash.com/photo-1532191343016-47bf741b8b3c?q=80&w=8164&auto=format&fit=crop&ixlib=rb-4.0.3&ixid=M3wxMjA3fDB8MHxwaG90by1wYWdlfHx8fGVufDB8fHx8fA%3D%3D.jpg
Jellyfish,closeup photography of swarm of jellyfish,full/89a5c25e4c4a1475a64d9b37fe24e39fd958512b.jpg,https://images.unsplash.com/photo-1508311603478-ce574376c3cf?q=80&w=3800&auto=format&fit=crop&ixlib=rb-4.0.3&ixid=M3wxMjA3fDB8MHxwaG90by1wYWdlfHx8fGVufDB8fHx8fA%3D%3D.jpg
Jellyfish,pink and orange jellyfish,full/38de08002280701264e9916dc775f14849d9f8f9.jpg,https://images.unsplash.com/photo-1543007168-5fa9b3c5f5fb?q=80&w=4016&auto=format&fit=crop&ixlib=rb-4.0.3&ixid=M3wxMjA3fDB8MHxwaG90by1wYWdlfHx8fGVufDB8fHx8fA%3D%3D.jpg
Jellyfish,white jellyfish,full/ce6abe8c105164216e042b06323ce7e00066f8f9.jpg,https://images.unsplash.com/photo-1430631551618-8db1f56e2857?q=80&w=4000&auto=format&fit=crop&ixlib=rb-4.0.3&ixid=M3wxMjA3fDB8MHxwaG90by1wYWdlfHx8fGVufDB8fHx8fA%3D%3D.jpg
Jellyfish,white jellyfish,full/e9ab317d97e9c346834724f9be2d8bb4d1d2e76c.jpg,https://images.unsplash.com/photo-1545537619-3b5475acd977?q=80&w=3394&auto=format&fit=crop&ixlib=rb-4.0.3&ixid=M3wxMjA3fDB8MHxwaG90by1wYWdlfHx8fGVufDB8fHx8fA%3D%3D.jpg
Jellyfish,a jellyfish floating in the water with a purple background,full/91f5b7f6a764ba608d66213dcb265972a764bf06.jpg,https://plus.unsplash.com/premium_photo-1684993843948-df77d091fbde?q=80&w=5323&auto=format&fit=crop&ixlib=rb-4.0.3&ixid=M3wxMjA3fDB8MHxwaG90by1wYWdlfHx8fGVufDB8fHx8fA%3D%3D.jpg
Jellyfish,shallow focus photography of two brown jellyfish,full/f8121d5a2df1324e7b86f9243df6a6c658f273f4.jpg,https://images.unsplash.com/photo-1489535952530-0fd16a62e111?q=80&w=2988&auto=format&fit=crop&ixlib=rb-4.0.3&ixid=M3wxMjA3fDB8MHxwaG90by1wYWdlfHx8fGVufDB8fHx8fA%3D%3D.jpg
Jellyfish,macro shot of jellyfish,full/3e1bd2fa32eb93897261e0c9e6b8845d777c1ec9.jpg,https://images.unsplash.com/photo-1508625935447-e0ebc2cdf6bf?q=80&w=3024&auto=format&fit=crop&ixlib=rb-4.0.3&ixid=M3wxMjA3fDB8MHxwaG90by1wYWdlfHx8fGVufDB8fHx8fA%3D%3D.jpg
Jellyfish,pink jellyfishes underwater,full/10ce306ea60ca9dc98e22c71742d7c8fc174a58e.jpg,https://images.unsplash.com/photo-1519747180378-d55bc9a23efd?q=80&w=4000&auto=format&fit=crop&ixlib=rb-4.0.3&ixid=M3wxMjA3fDB8MHxwaG90by1wYWdlfHx8fGVufDB8fHx8fA%3D%3D.jpg
Jellyfish,focused photography of white jellyfish,full/7f2984350e9f142b4be281b778d900e3ae259a8b.jpg,https://images.unsplash.com/photo-1466179262313-02a151abfb3e?q=80&w=5760&auto=format&fit=crop&ixlib=rb-4.0.3&ixid=M3wxMjA3fDB8MHxwaG90by1wYWdlfHx8fGVufDB8fHx8fA%3D%3D.jpg
Jellyfish,white jellyfishes swims,full/60d42f5a0de378fe1a617cce12d09b1e8fe7191d.jpg,https://images.unsplash.com/photo-1495012379376-194a416fcc5f?q=80&w=3648&auto=format&fit=crop&ixlib=rb-4.0.3&ixid=M3wxMjA3fDB8MHxwaG90by1wYWdlfHx8fGVufDB8fHx8fA%3D%3D.jpg
Jellyfish,a group of jellyfish swimming in the ocean,full/27f08136c16d24dc4fc8ac6b064b046213de2a59.jpg,https://plus.unsplash.com/premium_photo-1684992858411-3e3ddf37c4c9?q=80&w=8000&auto=format&fit=crop&ixlib=rb-4.0.3&ixid=M3wxMjA3fDB8MHxwaG90by1wYWdlfHx8fGVufDB8fHx8fA%3D%3D.jpg
Jellyfish,a group of jellyfish swimming in the ocean,full/28590ff2f230e43cbe723c8bf624f77dee60aa6f.jpg,https://plus.unsplash.com/premium_photo-1693723595870-2b8bad09b4c2?q=80&w=4896&auto=format&fit=crop&ixlib=rb-4.0.3&ixid=M3wxMjA3fDB8MHxwaG90by1wYWdlfHx8fGVufDB8fHx8fA%3D%3D.jpg
Surf,surfer surfing on tidal wave,full/fe80b3a31dd6e1f079385259dd12d6d7fb5d8741.jpg,https://images.unsplash.com/photo-1474693220100-7cddec4346f6?q=80&w=4880&auto=format&fit=crop&ixlib=rb-4.0.3&ixid=M3wxMjA3fDB8MHxwaG90by1wYWdlfHx8fGVufDB8fHx8fA%3D%3D.jpg
Surf,woman carrying surfboard beside person during sunset,full/0523ead826a02939e6dba7c6a79651bded32fa34.jpg,https://images.unsplash.com/photo-1476673661721-ee798b115c3f?q=80&w=4928&auto=format&fit=crop&ixlib=rb-4.0.3&ixid=M3wxMjA3fDB8MHxwaG90by1wYWdlfHx8fGVufDB8fHx8fA%3D%3D.jpg
Surf,a surfboard sitting on top of a surfboard rack,full/ef051084d0d0aa703e95d8d0ecca24f79c3681a5.jpg,https://plus.unsplash.com/premium_photo-1681051346868-f25a92bbb0d0?q=80&w=3240&auto=format&fit=crop&ixlib=rb-4.0.3&ixid=M3wxMjA3fDB8MHxwaG90by1wYWdlfHx8fGVufDB8fHx8fA%3D%3D.jpg
Surf,person surfing on wave,full/887419cb16d023882e2023d84cc5af6d7e00748a.jpg,https://images.unsplash.com/photo-1455264745730-cb3b76250ae8?q=80&w=2233&auto=format&fit=crop&ixlib=rb-4.0.3&ixid=M3wxMjA3fDB8MHxwaG90by1wYWdlfHx8fGVufDB8fHx8fA%3D%3D.jpg
Surf,"woman standing near sea holding white, blue, and green surfboard under blue sky",full/23ef7df273d8a5e2e010c87ae0bcbc1c8d65e3b2.jpg,https://images.unsplash.com/photo-1453210110568-1384e93a200e?q=80&w=4485&auto=format&fit=crop&ixlib=rb-4.0.3&ixid=M3wxMjA3fDB8MHxwaG90by1wYWdlfHx8fGVufDB8fHx8fA%3D%3D.jpg
Surf,person surfing under sunny sky,full/3d8f8e6b1f71eeb329ce4977589d6d530abdc3dc.jpg,https://images.unsplash.com/photo-1496693623174-5f1de03f1b91?q=80&w=1891&auto=format&fit=crop&ixlib=rb-4.0.3&ixid=M3wxMjA3fDB8MHxwaG90by1wYWdlfHx8fGVufDB8fHx8fA%3D%3D.jpg
Surf,person surfing on wave,full/95ffdeec95a542eb9f9dbda20740feb7f838f2d4.jpg,https://images.unsplash.com/photo-1461080639469-66d73688fb21?q=80&w=3456&auto=format&fit=crop&ixlib=rb-4.0.3&ixid=M3wxMjA3fDB8MHxwaG90by1wYWdlfHx8fGVufDB8fHx8fA%3D%3D.jpg
Surf,a woman riding a wave on top of a surfboard,full/6c8c4d3cc1b7d78f487b51b9ceaac3c666529ff4.jpg,https://plus.unsplash.com/premium_photo-1672510003630-18d2535419ef?q=80&w=6000&auto=format&fit=crop&ixlib=rb-4.0.3&ixid=M3wxMjA3fDB8MHxwaG90by1wYWdlfHx8fGVufDB8fHx8fA%3D%3D.jpg
Surf,time lapse photography surfer in wave water,full/504ac9ee8b1ab826d65de455c136a9ec4c611ab5.jpg,https://images.unsplash.com/photo-1502680390469-be75c86b636f?q=80&w=4242&auto=format&fit=crop&ixlib=rb-4.0.3&ixid=M3wxMjA3fDB8MHxwaG90by1wYWdlfHx8fGVufDB8fHx8fA%3D%3D.jpg
Surf,man surfing,full/d51352e284702172d1268f483cd8823152c9ff72.jpg,https://images.unsplash.com/photo-1523606772308-64a28db0ef2c?q=80&w=4000&auto=format&fit=crop&ixlib=rb-4.0.3&ixid=M3wxMjA3fDB8MHxwaG90by1wYWdlfHx8fGVufDB8fHx8fA%3D%3D.jpg
